{"stats":{"minecraft:custom":{"minecraft:time_since_rest":7175,"minecraft:sprint_one_cm":3900,"minecraft:damage_taken":20,"minecraft:walk_one_cm":5244,"minecraft:fly_one_cm":3317,"minecraft:play_time":7175,"minecraft:jump":35,"minecraft:leave_game":3,"minecraft:time_since_death":7175,"minecraft:walk_on_water_one_cm":168,"minecraft:total_world_time":7175,"minecraft:fall_one_cm":613},"minecraft:used":{"minecraft:iron_helmet":1,"minecraft:iron_boots":1,"minecraft:iron_chestplate":1,"minecraft:iron_leggings":1},"minecraft:picked_up":{"minecraft:dark_oak_sapling":1,"minecraft:stick":19,"minecraft:iron_chestplate":1,"minecraft:cooked_beef":6,"minecraft:leather":2,"minecraft:torch":14,"minecraft:bowl":1,"minecraft:acacia_button":1,"minecraft:diorite":1,"minecraft:shield":1,"minecraft:redstone":8,"minecraft:string":2,"minecraft:dirt":11,"minecraft:iron_leggings":1,"minecraft:cooked_mutton":2,"minecraft:bone":3,"minecraft:arrow":1,"minecraft:rotten_flesh":15,"minecraft:bow":1,"minecraft:stone_axe":1,"minecraft:bucket":3,"minecraft:iron_helmet":1,"minecraft:iron_ingot":2,"minecraft:granite":11,"minecraft:stone_pickaxe":1,"minecraft:oak_sapling":1,"minecraft:sugar_cane":3,"minecraft:birch_sapling":1,"minecraft:cobblestone":5,"minecraft:coal":40,"minecraft:white_wool":1,"minecraft:iron_boots":1},"minecraft:mined":{"minecraft:small_dripleaf":1}},"DataVersion":3955}