{"stats":{"minecraft:mined":{"minecraft:dark_oak_log":56,"minecraft:crafting_table":2,"minecraft:granite":1,"minecraft:short_grass":1,"minecraft:coal_ore":44,"minecraft:oak_log":13,"minecraft:sand":7,"minecraft:copper_ore":11,"minecraft:stone":113,"minecraft:oak_leaves":2},"minecraft:custom":{"minecraft:time_since_rest":44345,"minecraft:interact_with_furnace":1,"minecraft:sprint_one_cm":556,"minecraft:damage_taken":125,"minecraft:walk_one_cm":67714,"minecraft:damage_dealt":111,"minecraft:interact_with_crafting_table":5,"minecraft:fly_one_cm":1026,"minecraft:crouch_one_cm":414,"minecraft:play_time":44345,"minecraft:sneak_time":302,"minecraft:jump":168,"minecraft:leave_game":3,"minecraft:walk_on_water_one_cm":1258,"minecraft:time_since_death":44345,"minecraft:total_world_time":44345,"minecraft:fall_one_cm":267},"minecraft:crafted":{"minecraft:wooden_sword":1,"minecraft:oak_planks":52,"minecraft:stone_shovel":1,"minecraft:crafting_table":2,"minecraft:stick":16,"minecraft:wooden_pickaxe":1,"minecraft:stone_pickaxe":1,"minecraft:wooden_axe":2,"minecraft:stone_sword":1,"minecraft:dark_oak_planks":4,"minecraft:torch":8,"minecraft:stone_axe":1},"minecraft:picked_up":{"minecraft:stick":1,"minecraft:crafting_table":2,"minecraft:sand":7,"minecraft:oak_log":13,"minecraft:dark_oak_log":55,"minecraft:raw_copper":44,"minecraft:granite":1,"minecraft:birch_sapling":1,"minecraft:coal":44,"minecraft:cobblestone":113},"minecraft:used":{"minecraft:wooden_axe":51,"minecraft:stone_shovel":1,"minecraft:stone_pickaxe":119,"minecraft:wooden_pickaxe":50,"minecraft:stone_axe":7,"minecraft:cookie":2,"minecraft:torch":1,"minecraft:cobblestone":5,"minecraft:crafting_table":3,"minecraft:granite":1}},"DataVersion":3953}